quality,alcohol,sulphates,citric acid,volatile acidity,total sulfur dioxide,chlorides,fixed acidity
0,9.4,0.56,0.0,0.7,34.0,0.076,7.4
0,9.8,0.68,0.0,0.88,67.0,0.098,7.8
0,9.8,0.65,0.04,0.76,54.0,0.092,7.8
0,9.8,0.58,0.56,0.28,60.0,0.075,11.2
0,9.4,0.56,0.0,0.66,40.0,0.075,7.4
0,9.4,0.46,0.06,0.6,59.0,0.069,7.9
1,10.0,0.47,0.0,0.65,21.0,0.065,7.3
1,9.5,0.57,0.02,0.58,18.0,0.073,7.8
0,10.5,0.8,0.36,0.5,102.0,0.071,7.5
0,9.2,0.54,0.08,0.58,65.0,0.097,6.7
0,9.9,0.52,0.0,0.615,59.0,0.08900000000000001,5.6
0,9.1,1.56,0.29,0.61,29.0,0.114,7.8
0,9.2,0.88,0.18,0.62,145.0,0.17600000000000002,8.9
0,9.2,0.93,0.19,0.62,148.0,0.17,8.9
1,10.5,0.75,0.56,0.28,103.0,0.092,8.5
0,9.3,1.28,0.28,0.56,56.0,0.368,8.1
0,9.0,0.5,0.08,0.59,29.0,0.086,7.4
0,9.2,1.08,0.51,0.32,56.0,0.341,7.9
0,9.4,0.53,0.48,0.22,60.0,0.077,8.9
0,9.7,0.65,0.31,0.39,71.0,0.08199999999999999,7.6
0,9.5,0.91,0.21,0.43,37.0,0.106,7.9
0,9.4,0.53,0.11,0.49,67.0,0.084,8.5
0,9.7,0.63,0.14,0.4,40.0,0.085,6.9
0,9.3,0.56,0.16,0.39,23.0,0.08,6.3
0,9.5,0.59,0.24,0.41,11.0,0.08,7.6
0,9.4,0.55,0.0,0.71,35.0,0.08,7.1
0,9.8,0.59,0.0,0.645,16.0,0.08199999999999999,7.8
0,10.1,0.54,0.07,0.675,82.0,0.08900000000000001,6.7
0,10.6,0.57,0.0,0.685,37.0,0.105,6.9
0,9.8,0.66,0.12,0.655,113.0,0.083,8.3
0,9.4,0.52,0.12,0.605,83.0,0.073,6.9
0,9.2,0.55,0.25,0.32,50.0,0.103,5.2
0,9.6,0.55,0.0,0.645,18.0,0.086,7.8
0,10.8,0.6,0.14,0.6,15.0,0.086,7.8
1,9.7,0.73,0.28,0.38,30.0,0.066,8.1
0,9.8,0.48,0.09,1.13,19.0,0.172,5.7
0,10.5,0.83,0.36,0.45,87.0,0.07400000000000001,7.3
0,9.3,0.51,0.3,0.61,46.0,0.08800000000000001,8.8
0,10.5,0.9,0.2,0.49,14.0,0.332,7.5
0,10.3,1.2,0.22,0.66,23.0,0.069,8.1
0,9.5,0.52,0.02,0.67,11.0,0.05,6.8
0,13.1,0.56,0.15,0.52,65.0,0.054000000000000006,4.6
0,9.2,0.73,0.43,0.935,114.0,0.114,7.7
0,9.5,0.58,0.52,0.29,37.0,0.113,8.7
0,9.2,0.56,0.23,0.4,12.0,0.066,6.4
0,9.2,0.58,0.37,0.31,96.0,0.07400000000000001,5.6
0,9.2,0.74,0.26,0.66,23.0,0.07400000000000001,8.8
0,9.4,0.63,0.04,0.52,15.0,0.069,6.6
0,9.4,0.64,0.04,0.5,14.0,0.068,6.6
0,9.4,0.56,0.36,0.38,119.0,0.081,8.6
0,10.2,0.63,0.15,0.51,73.0,0.11,7.6
0,9.5,0.53,0.04,0.62,45.0,0.084,7.7
0,9.6,0.63,0.57,0.42,10.0,0.07,10.2
0,9.4,0.77,0.12,0.63,110.0,0.111,7.5
0,10.0,0.59,0.18,0.59,54.0,0.076,7.8
0,9.4,0.54,0.31,0.39,46.0,0.07400000000000001,7.3
0,9.2,0.64,0.4,0.4,52.0,0.079,8.8
0,9.3,0.71,0.49,0.69,112.0,0.115,7.7
1,9.5,0.62,0.16,0.52,35.0,0.085,7.5
0,9.8,0.57,0.05,0.735,54.0,0.081,7.0
0,10.9,0.39,0.05,0.725,11.0,0.086,7.2
0,9.6,0.58,0.11,0.52,39.0,0.079,7.5
0,10.7,0.58,0.07,0.705,15.0,0.076,6.6
0,10.7,0.79,0.57,0.32,65.0,0.07400000000000001,9.3
0,10.5,0.95,0.05,0.705,19.0,0.07400000000000001,8.0
0,9.5,0.54,0.08,0.63,27.0,0.076,7.7
0,9.5,0.48,0.23,0.67,96.0,0.08800000000000001,7.7
0,9.5,0.48,0.22,0.69,94.0,0.084,7.7
0,9.2,0.53,0.26,0.675,43.0,0.084,8.3
0,9.6,0.82,0.54,0.32,83.0,0.094,9.7
0,10.5,0.66,0.64,0.41,42.0,0.093,8.8
0,10.7,0.55,0.0,0.785,30.0,0.104,6.8
0,10.1,0.52,0.12,0.75,80.0,0.086,6.7
0,9.1,1.12,0.2,0.625,119.0,0.08,8.3
0,9.2,0.56,0.2,0.45,15.0,0.069,6.2
0,9.4,1.28,0.7,0.43,67.0,0.464,7.8
0,9.1,0.57,0.47,0.5,73.0,0.086,7.4
0,9.4,1.14,0.26,0.67,51.0,0.401,7.3
0,10.3,0.78,0.48,0.3,61.0,0.069,6.3
0,10.1,0.59,0.15,0.55,40.0,0.076,6.9
0,9.9,1.95,0.28,0.49,136.0,0.11,8.6
0,9.6,0.64,0.26,0.49,31.0,0.062,7.7
0,9.5,1.22,0.44,0.39,125.0,0.107,9.3
0,9.0,0.53,0.08,0.62,24.0,0.076,7.0
0,9.5,0.54,0.26,0.52,140.0,0.079,7.9
0,9.8,1.98,0.29,0.49,133.0,0.11,8.6
0,10.5,0.48,0.04,1.02,85.0,0.045,5.0
0,12.9,0.6,0.17,0.6,106.0,0.058,4.7
0,10.7,0.56,0.0,0.775,23.0,0.102,6.8
0,9.2,0.63,0.25,0.5,22.0,0.07,7.0
0,9.8,0.56,0.06,0.9,10.0,0.079,7.6
0,9.0,0.59,0.18,0.545,35.0,0.08,8.1
0,10.2,0.61,0.3,0.61,50.0,0.084,8.3
0,10.4,0.56,0.3,0.5,22.0,0.075,7.8
0,9.2,0.51,0.22,0.575,65.0,0.077,8.1
0,9.4,0.48,0.24,0.49,36.0,0.07,7.2
0,9.3,1.31,0.68,0.41,69.0,0.467,7.8
0,9.3,0.79,0.31,0.63,64.0,0.08800000000000001,6.2
0,9.6,0.8,0.53,0.33,80.0,0.091,8.0
0,9.3,0.69,0.52,0.785,153.0,0.122,8.1
0,9.5,0.93,0.19,0.56,47.0,0.104,7.8
0,9.8,0.66,0.09,0.62,108.0,0.084,8.4
0,9.8,0.66,0.1,0.6,111.0,0.085,8.4
0,9.7,0.67,0.44,0.31,46.0,0.08,10.1
0,10.5,0.63,0.31,0.4,62.0,0.09,9.4
0,10.0,0.61,0.28,0.54,40.0,0.077,8.3
0,9.4,0.5,0.12,0.56,28.0,0.08199999999999999,7.8
0,10.9,0.6,0.04,0.55,56.0,0.119,8.8
0,9.2,0.54,0.08,0.69,89.0,0.097,7.0
0,9.0,0.57,0.09,1.07,89.0,0.17800000000000002,7.3
0,9.2,0.52,0.0,0.695,13.0,0.075,7.3
0,9.5,0.53,0.0,0.71,34.0,0.08,8.0
0,9.5,0.48,0.17,0.5,102.0,0.08199999999999999,7.8
0,9.4,0.7,0.04,0.62,90.0,0.146,9.0
0,10.9,0.49,0.0,1.33,12.0,0.081,8.2
0,10.9,0.48,0.0,1.33,12.0,0.08199999999999999,8.1
1,10.5,0.92,0.16,0.59,16.0,0.065,8.0
0,9.4,0.57,0.15,0.38,19.0,0.07200000000000001,6.1
0,9.4,0.66,0.56,0.745,134.0,0.118,8.0
0,13.0,0.63,0.09,0.5,99.0,0.049,5.6
0,9.8,0.58,0.01,0.5,26.0,0.06,6.6
0,9.9,0.55,0.05,1.04,29.0,0.084,7.9
0,9.6,0.82,0.11,0.745,63.0,0.09,8.4
0,9.5,0.77,0.15,0.715,52.0,0.08900000000000001,8.3
0,9.2,0.64,0.36,0.415,45.0,0.081,7.2
0,9.5,0.54,0.19,0.56,105.0,0.081,7.8
0,9.5,0.54,0.19,0.56,108.0,0.081,7.8
0,14.0,0.79,0.0,0.34,63.0,0.05,5.2
0,9.4,0.58,0.08,0.39,20.0,0.066,6.3
0,9.4,0.62,0.55,0.67,141.0,0.117,8.1
0,10.0,0.52,0.02,0.68,94.0,0.087,5.8
0,9.3,0.8,0.26,0.49,88.0,0.236,7.6
0,10.2,0.58,0.1,0.49,30.0,0.07400000000000001,6.9
0,10.5,0.61,0.44,0.4,43.0,0.08900000000000001,8.2
0,10.3,0.53,0.47,0.33,11.0,0.077,7.3
0,9.4,2.0,1.0,0.52,69.0,0.61,9.2
0,10.1,0.54,0.03,0.6,99.0,0.095,7.5
0,10.5,0.72,0.42,0.43,129.0,0.07,7.1
0,10.5,0.71,0.42,0.43,128.0,0.071,7.1
0,9.3,0.5,0.0,0.68,22.0,0.073,7.1
0,9.3,0.57,0.18,0.6,86.0,0.079,6.8
0,9.6,0.56,0.03,0.95,20.0,0.09,7.6
0,9.2,1.08,0.02,0.68,20.0,0.07200000000000001,7.6
0,10.0,0.56,0.04,0.53,31.0,0.076,7.8
0,9.4,0.49,0.26,0.6,121.0,0.07,7.4
0,9.4,0.49,0.26,0.59,121.0,0.07,7.3
0,9.5,0.62,0.48,0.63,96.0,0.1,7.8
0,10.2,0.52,0.1,0.64,101.0,0.085,6.8
0,9.0,0.48,0.03,0.55,42.0,0.07200000000000001,7.3
0,10.4,0.55,0.07,0.63,44.0,0.08900000000000001,6.8
0,9.5,1.59,0.24,0.705,63.0,0.36,7.5
0,9.1,0.33,0.03,0.885,8.0,0.058,7.9
0,9.2,0.61,0.17,0.42,18.0,0.073,8.0
0,11.5,0.57,0.05,0.62,42.0,0.068,7.4
0,9.5,0.47,0.21,0.38,35.0,0.08,7.3
0,9.5,0.78,0.04,0.5,49.0,0.085,6.9
0,10.5,0.61,0.42,0.52,38.0,0.087,7.5
0,9.6,0.56,0.0,0.805,20.0,0.068,7.0
0,9.5,0.59,0.14,0.61,42.0,0.067,8.8
0,9.3,1.02,0.49,0.61,110.0,0.27,8.9
0,9.3,0.52,0.02,0.73,42.0,0.076,7.2
0,9.3,0.58,0.2,0.61,65.0,0.077,6.8
0,9.3,0.58,0.21,0.62,62.0,0.079,6.7
0,9.7,0.53,0.57,0.31,85.0,0.111,8.9
0,9.2,0.55,0.48,0.39,67.0,0.08199999999999999,7.4
0,9.7,0.49,0.1,0.705,26.0,0.084,7.7
0,9.5,0.55,0.33,0.5,143.0,0.084,7.9
0,9.5,0.55,0.32,0.49,144.0,0.08199999999999999,7.9
0,9.4,0.62,0.35,0.5,127.0,0.077,8.2
0,9.8,0.62,0.25,0.37,49.0,0.07400000000000001,6.4
0,9.5,0.61,0.12,0.63,126.0,0.099,6.8
0,9.7,0.55,0.21,0.55,28.0,0.071,7.6
0,9.4,0.54,0.33,0.59,120.0,0.07400000000000001,7.8
0,10.2,0.59,0.3,0.58,55.0,0.07400000000000001,7.3
0,10.1,0.97,0.6,0.3,27.0,0.067,11.5
1,13.0,0.85,0.08,0.835,93.0,0.046,5.4
0,11.4,0.43,0.06,1.09,31.0,0.061,6.9
1,10.3,0.82,0.47,0.32,24.0,0.056,9.6
0,9.3,1.03,0.48,0.37,145.0,0.097,8.8
0,9.5,0.79,0.11,0.5,49.0,0.075,6.8
0,9.2,0.55,0.35,0.42,39.0,0.08800000000000001,7.0
0,9.2,0.56,0.36,0.43,37.0,0.08900000000000001,7.0
1,10.8,0.77,0.74,0.3,28.0,0.095,12.8
0,9.3,0.53,0.31,0.57,120.0,0.069,7.8
0,9.4,0.67,0.28,0.44,95.0,0.1,7.8
1,10.5,0.88,0.58,0.3,19.0,0.054000000000000006,11.0
0,12.4,0.86,0.6,0.53,19.0,0.039,9.7
0,10.0,0.56,0.24,0.725,62.0,0.083,8.0
0,10.2,0.67,0.64,0.44,15.0,0.059,11.6
0,10.1,0.43,0.26,0.57,65.0,0.06,8.2
0,9.8,0.71,0.08,0.735,41.0,0.092,7.8
0,10.5,0.76,0.49,0.49,121.0,0.06,7.0
0,11.0,0.57,0.16,0.625,49.0,0.101,8.7
0,9.1,0.55,0.22,0.725,41.0,0.07200000000000001,8.1
0,9.7,0.54,0.19,0.49,44.0,0.076,7.5
0,9.5,0.6,0.33,0.53,144.0,0.08,7.8
0,9.4,0.59,0.37,0.34,58.0,0.08199999999999999,7.8
0,9.4,0.57,0.26,0.53,72.0,0.101,7.4
0,9.5,0.6,0.04,0.61,10.0,0.057,6.8
0,10.0,0.6,0.25,0.645,28.0,0.083,8.6
0,10.4,0.57,0.36,0.635,55.0,0.08900000000000001,8.4
0,10.5,0.58,0.25,0.43,63.0,0.073,7.7
0,9.5,1.61,0.5,0.59,81.0,0.337,8.9
0,9.8,0.63,0.14,0.82,23.0,0.08900000000000001,9.0
0,11.0,0.5,0.25,0.52,37.0,0.081,6.9
1,12.2,0.62,0.04,0.48,106.0,0.054000000000000006,5.2
0,9.9,0.52,0.06,0.38,49.0,0.078,8.0
0,9.6,0.7,0.2,0.37,58.0,0.09,8.5
0,9.0,0.55,0.09,1.0,37.0,0.065,8.2
0,9.0,0.58,0.0,0.63,38.0,0.097,7.2
0,9.2,0.58,0.0,0.645,39.0,0.097,7.2
0,9.3,1.09,0.37,0.635,62.0,0.263,8.9
0,10.9,0.71,0.56,0.38,24.0,0.093,12.0
0,9.8,0.49,0.1,0.58,109.0,0.102,7.7
1,9.2,0.84,0.44,0.21,24.0,0.075,15.0
0,9.9,0.96,0.0,0.66,23.0,0.084,7.3
0,9.5,0.52,0.07,0.68,51.0,0.075,7.1
0,9.3,0.45,0.17,0.6,73.0,0.07200000000000001,8.2
0,9.8,0.48,0.06,0.53,39.0,0.07400000000000001,7.7
0,10.0,0.78,0.44,0.32,37.0,0.063,10.8
0,9.9,0.7,0.0,0.6,34.0,0.07400000000000001,7.1
0,10.5,0.53,0.48,0.35,21.0,0.09,11.1
0,9.5,0.59,0.42,0.775,86.0,0.092,7.7
0,9.3,0.57,0.23,0.57,119.0,0.073,8.0
0,9.2,0.62,0.37,0.34,13.0,0.075,9.4
0,9.2,0.67,0.0,0.695,56.0,0.075,6.6
0,9.4,1.26,0.76,0.41,45.0,0.611,7.7
1,10.5,0.8,0.47,0.31,33.0,0.085,10.0
0,9.3,0.65,0.23,0.33,45.0,0.077,7.9
0,9.4,0.6,0.04,0.975,67.0,0.087,7.0
0,10.0,0.57,0.03,0.52,35.0,0.07,8.0
0,9.3,0.67,0.23,0.37,49.0,0.077,7.9
0,10.9,0.87,0.49,0.56,27.0,0.064,12.5
1,10.2,0.72,0.52,0.26,10.0,0.071,11.8
0,9.8,0.72,0.0,0.87,61.0,0.096,8.1
1,12.8,0.86,0.46,0.35,37.0,0.078,7.9
0,9.4,0.91,0.04,0.54,27.0,0.077,6.9
0,10.1,0.97,0.51,0.18,23.0,0.104,11.5
0,10.7,0.67,0.06,0.545,61.0,0.087,7.9
0,10.1,0.78,0.58,0.37,65.0,0.071,10.9
0,9.4,0.64,0.2,0.715,38.0,0.076,8.4
0,9.4,0.77,0.18,0.65,94.0,0.08800000000000001,7.5
1,12.6,0.82,0.45,0.32,13.0,0.073,10.3
1,10.5,0.77,0.32,0.4,47.0,0.087,8.9
0,9.3,0.82,0.44,0.26,19.0,0.071,11.4
1,9.9,1.08,0.68,0.27,10.0,0.358,7.7
0,9.1,0.57,0.12,0.52,53.0,0.067,7.6
0,9.8,0.71,0.07,0.59,71.0,0.102,9.9
0,10.3,0.76,0.55,0.45,49.0,0.073,12.0
0,10.3,0.7,0.12,0.4,53.0,0.092,7.5
1,10.6,0.86,0.09,0.52,49.0,0.091,8.7
0,9.2,0.95,0.53,0.42,98.0,0.105,11.6
0,10.5,0.71,0.48,0.2,18.0,0.343,11.0
0,10.3,0.64,0.23,0.55,48.0,0.091,10.4
0,10.1,0.6,0.25,0.36,16.0,0.098,6.9
0,9.5,0.81,0.52,0.34,53.0,0.094,13.3
0,9.5,0.64,0.46,0.5,27.0,0.073,10.8
0,9.9,0.52,0.37,0.83,70.0,0.086,10.6
0,9.6,0.73,0.06,0.63,29.0,0.083,7.1
0,9.7,0.8,0.02,0.65,31.0,0.094,7.2
0,9.6,0.71,0.06,0.67,33.0,0.08,6.9
0,10.7,0.59,0.06,0.53,44.0,0.086,7.5
0,10.1,0.64,0.48,0.18,15.0,0.068,11.1
0,10.0,0.72,0.12,0.705,28.0,0.092,8.3
0,9.5,0.54,0.12,0.67,21.0,0.18600000000000005,7.4
0,9.2,0.52,0.6,0.65,90.0,0.112,8.4
0,9.3,0.59,0.48,0.53,25.0,0.063,10.3
0,9.4,0.52,0.32,0.62,54.0,0.08199999999999999,7.6
0,9.5,0.62,0.42,0.41,14.0,0.213,10.3
0,9.5,0.63,0.44,0.43,12.0,0.214,10.3
0,9.5,0.53,0.38,0.29,30.0,0.062,7.4
0,9.4,0.54,0.24,0.53,105.0,0.07200000000000001,7.9
0,9.5,0.63,0.31,0.46,98.0,0.093,9.0
0,9.4,0.53,0.3,0.47,135.0,0.076,8.6
0,11.0,0.68,0.29,0.36,72.0,0.087,7.4
0,11.0,0.65,0.29,0.35,53.0,0.096,7.1
0,10.1,0.65,0.23,0.56,92.0,0.102,9.6
0,10.4,0.64,0.12,0.77,74.0,0.08199999999999999,9.6
1,11.5,0.71,0.39,0.66,59.0,0.083,9.8
0,9.7,0.62,0.26,0.61,87.0,0.09,9.3
0,9.3,0.63,0.05,0.62,18.0,0.079,7.8
0,9.5,0.7,0.42,0.59,73.0,0.09,10.3
0,9.2,0.69,0.2,0.49,50.0,0.071,10.0
1,11.5,0.74,0.66,0.53,14.0,0.121,11.6
0,11.5,0.83,0.5,0.44,13.0,0.107,10.3
0,9.7,0.67,0.62,0.27,21.0,0.08199999999999999,13.4
0,9.5,0.62,0.39,0.46,15.0,0.061,10.7
0,12.5,0.66,0.64,0.36,41.0,0.122,10.2
0,9.4,0.54,0.28,0.58,114.0,0.066,8.0
0,11.0,0.52,0.08,0.56,44.0,0.105,8.4
1,11.7,0.74,0.01,0.65,38.0,0.078,7.9
1,12.2,0.84,0.53,0.695,21.0,0.128,11.9
0,12.5,0.7,0.45,0.43,16.0,0.052000000000000005,8.9
0,10.3,0.64,0.32,0.43,58.0,0.08,7.8
0,11.5,1.0,0.58,0.49,99.0,0.103,12.4
1,9.8,1.36,0.54,0.28,29.0,0.08199999999999999,12.5
0,9.2,1.18,0.5,0.34,21.0,0.066,12.2
0,11.3,0.87,0.48,0.42,18.0,0.065,10.6
0,9.8,0.75,0.47,0.39,14.0,0.118,10.9
0,10.7,0.78,0.5,0.57,32.0,0.08199999999999999,11.9
0,9.9,0.81,0.0,0.685,63.0,0.067,7.0
1,12.3,0.89,0.02,0.815,34.0,0.07200000000000001,6.6
0,12.0,0.93,0.67,0.49,15.0,0.093,13.8
0,10.0,0.92,0.31,0.56,46.0,0.08900000000000001,9.6
0,9.4,0.86,0.0,0.785,28.0,0.093,9.1
0,9.9,0.98,0.22,0.67,34.0,0.107,10.7
0,9.4,0.83,0.0,0.795,26.0,0.096,9.1
0,9.3,0.73,0.0,0.665,19.0,0.09,7.7
0,13.0,0.77,0.79,0.53,77.0,0.12,13.5
0,11.9,0.59,0.4,0.21,165.0,0.066,6.1
0,12.8,0.61,0.01,0.75,32.0,0.078,6.7
0,11.0,0.88,0.52,0.41,55.0,0.08,11.5
1,11.7,0.75,0.66,0.42,29.0,0.116,10.5
1,10.4,0.85,0.66,0.43,23.0,0.109,11.9
0,9.8,0.68,0.66,0.38,41.0,0.08800000000000001,12.6
0,9.4,0.7,0.23,0.7,81.0,0.099,8.2
0,9.9,0.91,0.31,0.45,50.0,0.086,8.6
0,10.0,0.56,0.66,0.58,37.0,0.07200000000000001,11.9
0,10.2,0.87,0.63,0.46,15.0,0.071,12.5
1,10.0,0.73,0.66,0.615,42.0,0.083,12.8
0,11.8,0.93,0.5,0.42,21.0,0.107,10.0
0,9.0,0.69,0.61,0.575,24.0,0.076,10.4
0,9.4,0.64,0.52,0.34,75.0,0.159,10.3
1,12.0,1.13,0.53,0.27,18.0,0.07400000000000001,9.4
0,9.9,0.78,0.02,0.765,63.0,0.063,6.9
0,8.7,0.87,0.4,0.24,25.0,0.056,7.9
0,10.6,1.04,0.48,0.28,46.0,0.067,9.1
0,9.2,0.63,0.22,0.55,72.0,0.106,7.4
0,10.8,0.81,0.63,0.41,47.0,0.08900000000000001,14.0
1,11.8,0.83,0.71,0.54,15.0,0.124,11.5
0,11.0,1.11,0.5,0.45,47.0,0.078,11.5
0,13.3,0.99,0.66,0.625,24.0,0.08800000000000001,11.4
0,10.8,0.7,0.38,0.42,60.0,0.094,8.3
0,9.4,0.8,0.42,0.26,27.0,0.08,8.3
0,10.0,0.8,0.68,0.415,43.0,0.085,13.7
0,9.2,0.74,0.28,0.51,54.0,0.087,7.7
0,9.7,0.76,0.07,0.63,37.0,0.09,7.4
0,9.2,0.74,0.26,0.54,48.0,0.08800000000000001,7.8
0,9.6,0.54,0.15,0.66,42.0,0.079,8.3
0,9.2,0.74,0.26,0.46,53.0,0.08800000000000001,7.8
1,10.0,0.7,0.31,0.38,49.0,0.096,9.6
1,12.9,0.82,0.05,0.85,88.0,0.045,5.6
0,9.5,0.51,0.52,0.37,26.0,0.08199999999999999,9.5
0,9.1,0.54,0.61,0.665,95.0,0.112,8.4
0,9.9,0.57,0.65,0.6,25.0,0.063,12.7
1,13.0,0.6,0.76,0.37,38.0,0.066,12.0
0,9.9,0.53,0.02,0.735,124.0,0.122,6.6
0,11.0,0.65,0.59,0.59,49.0,0.087,11.5
0,9.4,0.55,0.22,0.765,42.0,0.064,8.7
0,10.8,0.47,0.3,0.26,38.0,0.059,7.7
0,10.5,0.61,0.54,0.48,64.0,0.085,12.2
0,10.5,0.63,0.49,0.6,41.0,0.085,11.4
0,9.1,0.61,0.05,0.69,27.0,0.075,7.7
0,10.1,0.76,0.46,0.31,25.0,0.059,8.7
0,10.8,0.65,0.47,0.44,28.0,0.063,9.8
1,10.8,0.63,0.66,0.39,30.0,0.093,12.0
0,11.3,0.7,0.58,0.34,16.0,0.174,10.4
0,9.6,0.57,0.49,0.46,49.0,0.07,12.5
0,9.5,0.62,0.34,0.43,86.0,0.08,9.0
0,9.5,0.62,0.35,0.45,78.0,0.08,9.1
0,9.3,0.64,0.16,0.735,77.0,0.1,7.1
1,11.7,0.82,0.53,0.4,19.0,0.097,9.9
0,9.5,0.61,0.34,0.52,122.0,0.087,8.8
0,9.3,1.07,0.24,0.725,134.0,0.117,8.6
0,11.7,0.66,0.64,0.48,20.0,0.111,10.6
0,10.5,0.48,0.12,0.58,124.0,0.091,7.0
0,10.4,0.76,0.51,0.38,20.0,0.121,11.9
0,9.9,0.68,0.0,0.77,52.0,0.066,6.8
1,11.8,0.73,0.33,0.56,67.0,0.08900000000000001,9.5
1,12.3,0.56,0.03,0.84,48.0,0.059,6.6
0,10.9,0.44,0.2,0.96,60.0,0.047,7.7
1,11.0,0.9,0.47,0.24,24.0,0.066,10.5
0,11.4,0.49,0.08,0.67,48.0,0.045,6.4
0,10.6,0.56,0.22,0.78,32.0,0.077,9.5
0,9.3,0.6,0.33,0.52,30.0,0.07,9.1
0,10.4,0.6,0.63,0.84,35.0,0.08800000000000001,12.8
0,9.2,0.56,0.35,0.55,66.0,0.07400000000000001,7.8
0,12.8,0.65,0.69,0.37,24.0,0.078,11.9
0,9.5,0.49,0.63,0.39,18.0,0.091,12.3
0,9.9,0.89,0.55,0.41,54.0,0.076,10.4
0,10.2,0.56,0.3,0.67,62.0,0.06,8.0
0,11.2,0.66,0.73,0.45,22.0,0.066,11.1
0,9.3,0.6,0.18,0.62,50.0,0.062,7.0
1,9.8,0.82,0.72,0.31,29.0,0.07200000000000001,12.6
0,11.3,0.68,0.65,0.4,27.0,0.068,11.9
1,11.2,0.68,0.76,0.685,43.0,0.1,15.6
1,11.6,0.63,0.49,0.44,19.0,0.077,10.0
1,12.5,0.84,0.01,0.57,27.0,0.054000000000000006,5.3
0,10.1,0.56,0.1,0.735,31.0,0.079,9.5
0,10.5,0.73,0.6,0.38,72.0,0.081,12.5
0,11.2,0.72,0.29,0.48,16.0,0.127,9.3
0,10.2,0.56,0.22,0.53,27.0,0.1,8.6
0,10.8,0.61,0.69,0.39,35.0,0.095,11.9
0,9.1,1.06,0.53,0.37,26.0,0.413,8.4
0,10.0,0.63,0.03,0.56,35.0,0.084,6.8
1,11.2,0.74,0.63,0.33,22.0,0.084,10.4
0,11.1,0.63,0.4,0.23,67.0,0.063,7.0
1,13.4,0.69,0.67,0.62,19.0,0.086,11.3
0,10.3,0.58,0.39,0.59,22.0,0.095,8.9
0,9.6,0.58,0.21,0.63,65.0,0.097,9.2
0,9.0,0.57,0.66,0.58,47.0,0.07400000000000001,11.6
0,11.3,0.61,0.52,0.43,23.0,0.083,9.2
0,9.3,0.61,0.22,0.615,19.0,0.087,8.3
0,11.8,0.61,0.68,0.26,25.0,0.085,11.0
0,9.0,0.53,0.7,0.66,129.0,0.098,8.1
0,9.2,0.7,0.54,0.315,15.0,0.084,11.5
0,9.7,0.91,0.4,0.29,26.0,0.098,10.0
0,11.5,0.72,0.42,0.5,51.0,0.069,10.3
0,14.0,0.79,0.45,0.46,18.0,0.065,8.8
0,9.2,0.62,0.69,0.36,21.0,0.09,11.4
0,9.8,0.58,0.02,0.82,48.0,0.07,8.7
0,10.6,0.61,0.65,0.32,47.0,0.093,13.0
0,11.4,0.71,0.42,0.54,52.0,0.081,9.6
0,10.4,0.82,0.55,0.37,68.0,0.083,12.5
0,10.6,0.79,0.55,0.35,14.0,0.062,9.9
0,9.4,0.89,0.51,0.28,24.0,0.08,10.5
0,10.2,0.6,0.24,0.68,28.0,0.087,9.6
0,9.7,0.7,0.41,0.27,16.0,0.091,9.3
0,11.0,1.06,0.49,0.24,20.0,0.075,10.4
0,10.1,0.7,0.11,0.685,31.0,0.077,9.4
0,9.2,0.66,0.39,0.28,23.0,0.069,10.6
1,11.7,0.92,0.56,0.3,17.0,0.08,9.4
0,9.4,1.05,0.59,0.36,18.0,0.152,10.6
0,9.4,1.06,0.6,0.36,18.0,0.152,10.6
0,13.4,0.66,0.68,0.44,24.0,0.114,10.6
0,10.0,0.47,0.39,0.67,17.0,0.054000000000000006,10.2
0,10.0,0.42,0.36,0.645,14.0,0.053,10.2
1,10.8,0.92,0.55,0.32,67.0,0.081,11.6
0,10.2,0.75,0.4,0.39,26.0,0.073,9.3
0,10.6,0.67,0.27,0.775,56.0,0.078,9.3
1,13.3,0.79,0.5,0.41,25.0,0.055,9.2
1,13.4,0.9,0.51,0.4,27.0,0.052000000000000005,8.9
0,11.6,0.74,0.31,0.69,81.0,0.086,8.7
0,12.1,0.55,0.23,0.39,91.0,0.051,6.5
1,11.0,0.65,0.53,0.35,16.0,0.07,10.7
0,9.0,0.65,0.25,0.52,38.0,0.081,7.8
0,11.1,0.79,0.32,0.34,113.0,0.09,7.2
1,12.0,0.85,0.73,0.44,76.0,0.07400000000000001,10.4
1,10.9,1.04,0.47,0.26,24.0,0.078,10.5
1,10.8,1.05,0.42,0.24,22.0,0.077,10.5
1,12.5,0.78,0.63,0.49,26.0,0.07200000000000001,10.2
1,10.8,1.02,0.46,0.24,21.0,0.075,10.4
0,9.5,0.71,0.55,0.67,13.0,0.084,11.2
0,10.2,0.63,0.31,0.59,62.0,0.09,10.0
1,11.4,0.68,0.75,0.29,43.0,0.084,13.3
0,9.5,0.61,0.49,0.42,43.0,0.073,12.4
0,9.7,0.81,0.48,0.4,49.0,0.125,10.7
1,11.8,0.66,0.64,0.51,15.0,0.107,10.5
0,9.3,1.14,0.49,0.655,151.0,0.122,8.5
0,11.9,0.74,0.49,0.6,14.0,0.1,12.5
0,8.4,0.63,0.49,0.61,16.0,0.2,10.4
0,11.7,0.68,0.49,0.21,32.0,0.08800000000000001,10.9
0,11.0,0.78,0.49,0.365,106.0,0.08800000000000001,7.3
0,10.0,0.9,0.49,0.25,33.0,0.08800000000000001,9.8
0,9.1,0.64,0.49,0.41,43.0,0.08800000000000001,7.6
0,9.8,0.99,0.49,0.39,133.0,0.099,8.2
0,9.4,0.55,0.49,0.4,142.0,0.085,9.3
0,9.5,0.64,0.49,0.43,116.0,0.086,9.2
0,9.9,0.67,0.24,0.64,53.0,0.105,10.4
0,11.4,0.77,0.49,0.38,85.0,0.097,7.0
0,8.7,0.75,0.49,0.42,55.0,0.084,8.2
0,9.4,0.57,0.24,0.63,33.0,0.077,9.9
0,10.3,0.87,0.24,0.22,28.0,0.078,9.1
0,10.3,0.61,0.49,0.38,42.0,0.098,11.9
0,12.8,0.66,0.24,0.27,33.0,0.07200000000000001,10.3
0,10.0,0.56,0.24,0.48,32.0,0.102,10.0
0,10.7,0.77,0.24,0.825,13.0,0.084,8.1
1,12.0,0.66,0.49,0.35,35.0,0.066,12.9
0,11.2,0.62,0.74,0.5,17.0,0.1,11.2
0,9.6,0.67,0.24,0.59,47.0,0.101,9.2
0,11.0,0.73,0.49,0.46,17.0,0.064,9.5
0,9.9,0.59,0.24,0.715,20.0,0.07,9.3
0,11.0,0.72,0.24,0.66,53.0,0.085,11.2
0,8.4,0.79,0.74,0.31,15.0,0.075,14.3
0,9.1,0.59,0.49,0.47,106.0,0.094,9.1
0,9.5,0.78,0.24,0.55,28.0,0.078,7.5
0,10.7,0.86,0.49,0.31,21.0,0.067,10.6
0,10.4,0.75,0.49,0.35,69.0,0.079,12.4
0,9.4,0.61,0.49,0.53,25.0,0.171,9.0
0,9.5,0.56,0.01,0.51,25.0,0.07400000000000001,6.8
0,10.0,0.73,0.24,0.43,45.0,0.092,9.4
0,10.0,0.74,0.24,0.46,44.0,0.092,9.5
0,11.5,0.62,0.24,1.04,96.0,0.05,5.0
0,11.1,0.74,0.49,0.645,23.0,0.095,15.5
0,11.7,0.56,0.49,0.53,17.0,0.118,10.9
0,11.1,0.74,0.49,0.645,23.0,0.095,15.6
0,12.7,0.68,0.49,0.47,47.0,0.085,13.0
0,11.4,0.57,0.49,0.6,19.0,0.075,12.7
0,9.2,0.58,0.49,0.44,121.0,0.078,9.0
0,9.2,0.61,0.49,0.54,110.0,0.094,9.0
0,10.1,0.61,0.49,0.29,60.0,0.092,7.6
0,9.0,0.6,0.24,0.7,15.0,0.226,8.7
0,10.7,0.79,0.49,0.5,20.0,0.25,9.8
0,11.7,0.57,0.24,0.36,42.0,0.095,6.2
0,11.0,0.91,0.49,0.35,37.0,0.07,11.5
0,10.4,0.61,0.49,0.24,28.0,0.075,10.2
0,9.6,0.56,0.49,0.59,47.0,0.07,10.5
0,10.0,0.7,0.49,0.34,78.0,0.078,10.6
0,10.2,0.8,0.49,0.27,46.0,0.079,12.3
0,10.0,0.52,0.24,0.5,14.0,0.103,9.9
0,9.5,0.6,0.49,0.44,111.0,0.083,8.8
0,9.8,0.6,0.49,0.47,110.0,0.085,8.8
0,9.8,0.51,0.49,0.31,40.0,0.063,10.6
0,9.6,0.44,0.49,0.5,14.0,0.08900000000000001,12.3
0,9.2,0.43,0.49,0.49,15.0,0.083,11.7
1,9.9,0.66,0.49,0.28,21.0,0.07400000000000001,12.0
1,10.7,0.76,0.49,0.33,80.0,0.093,11.8
0,9.6,0.66,0.24,0.51,38.0,0.091,7.6
1,10.6,1.02,0.49,0.31,47.0,0.094,11.1
0,9.3,0.59,0.24,0.73,102.0,0.108,7.3
1,14.0,0.74,0.24,0.42,50.0,0.06,5.0
1,10.5,0.74,0.49,0.29,13.0,0.059,10.2
0,9.7,0.57,0.49,0.45,75.0,0.084,9.0
0,11.5,0.5,0.49,0.39,149.0,0.07,6.6
0,9.0,0.58,0.58,0.49,43.0,0.094,9.9
0,9.5,0.53,0.17,0.72,38.0,0.096,7.9
0,9.3,0.57,0.41,0.595,109.0,0.086,8.9
0,9.3,0.6,0.51,0.4,24.0,0.059,12.4
0,10.0,0.63,0.58,0.58,18.0,0.071,11.9
0,9.8,0.48,0.18,0.585,30.0,0.078,8.5
0,9.3,0.7,0.45,0.59,22.0,0.08199999999999999,12.7
0,10.0,0.47,0.27,0.915,23.0,0.08800000000000001,8.2
0,9.0,0.56,0.52,0.46,35.0,0.071,13.2
0,9.3,0.52,0.0,0.835,14.0,0.081,7.7
0,9.1,0.62,0.13,0.58,63.0,0.096,8.3
0,9.2,0.59,0.13,0.6,24.0,0.085,8.3
1,12.2,0.79,0.48,0.41,20.0,0.07200000000000001,9.4
0,10.5,0.53,0.41,0.48,52.0,0.092,8.8
0,10.4,0.64,0.37,0.65,65.0,0.11,10.1
0,12.7,0.52,0.19,0.36,39.0,0.075,6.3
0,9.2,0.54,0.54,0.24,57.0,0.083,8.8
0,9.4,0.54,0.55,0.38,16.0,0.081,13.2
0,10.0,0.6,0.0,0.64,29.0,0.077,7.5
0,9.8,0.74,0.38,0.39,29.0,0.058,8.2
0,10.2,1.36,0.18,0.755,103.0,0.14800000000000002,9.2
0,9.7,0.57,0.5,0.6,71.0,0.079,9.6
0,9.8,0.93,0.51,0.31,28.0,0.079,11.5
0,10.2,0.7,0.5,0.46,17.0,0.122,11.4
0,9.3,0.8,0.41,0.37,16.0,0.08800000000000001,11.3
0,9.4,0.61,0.24,0.54,112.0,0.076,8.3
0,9.4,0.62,0.23,0.56,104.0,0.078,8.2
0,9.5,0.55,0.22,0.58,32.0,0.08,10.0
0,12.1,0.96,0.25,0.51,45.0,0.077,7.9
0,10.2,0.72,0.0,0.69,58.0,0.124,6.8
0,9.1,0.49,0.29,0.6,15.0,0.098,8.8
0,9.3,0.6,0.26,0.54,31.0,0.097,8.7
0,9.3,0.61,0.23,0.685,84.0,0.111,7.6
0,9.5,0.63,0.54,0.28,19.0,0.105,10.4
0,10.5,0.57,0.14,0.41,43.0,0.087,7.6
0,11.3,0.64,0.22,0.935,86.0,0.105,10.1
0,9.5,0.58,0.21,0.35,102.0,0.073,7.9
0,9.7,0.55,0.0,0.84,33.0,0.065,8.7
0,9.4,0.53,0.28,0.88,147.0,0.086,9.6
0,9.4,0.53,0.27,0.885,145.0,0.084,9.5
1,10.2,0.65,0.12,0.915,23.0,0.14300000000000002,7.7
0,10.3,1.36,0.35,0.29,57.0,0.067,8.9
0,9.4,0.62,0.45,0.54,40.0,0.071,9.9
0,9.5,0.63,0.44,0.59,68.0,0.071,9.5
1,10.1,0.69,0.1,0.64,11.0,0.115,7.8
0,10.1,0.63,0.05,0.67,20.0,0.107,7.3
0,11.0,0.58,0.01,0.845,14.0,0.07,8.3
1,11.2,0.67,0.3,0.48,28.0,0.066,8.7
0,11.3,0.57,0.27,0.42,148.0,0.068,6.7
0,9.6,0.5,0.39,0.43,32.0,0.106,10.7
0,11.2,0.67,0.25,0.88,155.0,0.104,9.8
0,14.9,0.84,0.65,0.36,71.0,0.096,15.9
0,12.0,0.54,0.59,0.33,30.0,0.079,9.4
0,9.5,0.46,0.47,0.47,29.0,0.07400000000000001,8.6
0,9.4,0.61,0.17,0.55,53.0,0.087,9.7
1,10.5,0.68,0.59,0.5,42.0,0.073,12.0
0,9.6,0.81,0.07,0.52,20.0,0.07400000000000001,7.2
0,11.0,0.57,0.02,0.84,13.0,0.096,7.1
0,9.0,0.64,0.31,0.42,42.0,0.08,7.5
0,9.6,0.7,0.06,0.57,27.0,0.076,7.2
0,10.2,0.79,0.46,0.28,13.0,0.05,10.1
0,10.2,0.66,0.52,0.4,54.0,0.092,12.1
0,9.7,0.56,0.14,0.59,48.0,0.084,9.4
0,9.5,0.6,0.36,0.49,16.0,0.222,8.3
0,9.2,0.66,0.45,0.34,15.0,0.08199999999999999,11.3
0,11.0,0.57,0.43,0.73,31.0,0.059,10.0
0,10.0,0.58,0.24,0.4,45.0,0.083,6.9
0,9.5,0.52,0.21,0.73,13.0,0.07400000000000001,8.2
0,9.5,0.53,0.34,1.24,151.0,0.079,9.8
0,9.3,0.67,0.41,0.4,17.0,0.084,10.8
0,10.2,0.65,0.39,0.41,31.0,0.064,9.3
0,9.9,0.48,0.11,0.8,31.0,0.084,8.6
0,10.0,0.53,0.1,0.78,87.0,0.081,8.3
0,9.6,0.54,0.45,0.26,49.0,0.06,10.8
0,9.0,0.49,0.58,0.43,40.0,0.07,13.3
0,10.2,0.49,0.23,0.45,29.0,0.094,8.0
0,9.8,0.54,0.31,0.46,58.0,0.078,8.5
0,11.3,0.56,0.23,0.78,15.0,0.059,8.1
0,9.4,0.48,0.32,0.98,152.0,0.078,9.8
0,9.1,0.6,0.18,0.65,40.0,0.07,7.1
0,9.7,0.59,0.23,0.64,38.0,0.095,9.1
0,9.4,0.47,0.04,0.66,9.0,0.039,7.7
0,9.4,1.05,0.48,0.38,17.0,0.157,8.1
0,10.7,0.54,0.0,1.185,14.0,0.097,7.4
0,9.8,0.54,0.24,0.92,93.0,0.087,9.2
0,9.0,1.17,0.51,0.49,62.0,0.422,8.6
0,9.4,0.62,0.32,0.48,122.0,0.084,9.0
0,9.4,0.61,0.31,0.47,125.0,0.084,9.0
0,12.8,0.62,0.02,0.47,44.0,0.034,5.1
0,9.5,0.67,0.02,0.65,25.0,0.066,7.0
0,9.7,0.53,0.28,0.615,72.0,0.087,9.4
0,10.8,0.62,0.55,0.38,19.0,0.071,11.8
0,10.1,0.57,0.43,1.02,88.0,0.076,10.6
0,9.4,0.67,0.02,0.64,23.0,0.067,7.0
0,9.6,0.7,0.48,0.38,84.0,0.073,7.5
0,9.7,0.54,0.04,0.765,14.0,0.078,9.1
0,9.9,0.49,0.15,1.035,54.0,0.073,8.4
0,10.0,0.47,0.08,0.78,19.0,0.093,7.0
0,10.5,0.51,0.19,0.49,37.0,0.077,7.4
0,11.6,0.61,0.12,0.545,35.0,0.068,7.8
0,10.0,0.66,0.47,0.31,33.0,0.062,9.7
0,10.1,0.57,0.43,1.025,84.0,0.08,10.6
0,9.5,0.61,0.34,0.565,112.0,0.093,8.9
0,9.4,0.45,0.0,0.69,33.0,0.084,8.7
0,9.4,0.46,0.36,0.43,48.0,0.075,8.0
0,9.8,0.51,0.28,0.74,77.0,0.078,9.9
0,9.2,0.48,0.18,0.49,34.0,0.069,7.2
0,10.0,0.57,0.11,0.46,49.0,0.079,7.6
0,9.6,0.44,0.04,0.56,22.0,0.08199999999999999,8.4
0,9.5,0.54,0.0,0.66,45.0,0.086,7.1
0,9.2,0.53,0.24,0.48,106.0,0.094,8.9
0,10.0,0.59,0.08,0.42,48.0,0.084,7.6
0,9.5,1.62,0.3,0.31,127.0,0.053,7.1
0,11.2,0.6,0.1,1.115,12.0,0.086,7.5
0,10.4,0.55,0.17,0.66,13.0,0.077,9.0
0,11.1,0.72,0.09,0.72,49.0,0.084,8.1
0,9.5,0.68,0.02,0.57,11.0,0.067,6.4
0,12.7,0.49,0.03,0.865,58.0,0.071,6.4
0,9.6,0.67,0.66,0.55,37.0,0.387,9.5
0,11.5,0.52,0.13,0.875,14.0,0.08800000000000001,8.9
0,9.6,0.47,0.03,0.835,19.0,0.092,7.3
0,9.5,0.6,0.34,0.45,72.0,0.08199999999999999,7.0
0,9.3,0.62,0.2,0.56,39.0,0.075,7.7
0,9.5,0.5,0.1,0.965,22.0,0.112,7.7
0,9.3,0.65,0.0,0.59,58.0,0.093,8.2
0,9.2,0.56,0.23,0.46,104.0,0.092,9.0
0,9.3,0.6,0.0,0.69,38.0,0.08800000000000001,9.0
0,11.5,0.68,0.29,0.76,16.0,0.075,8.3
0,9.5,0.57,0.24,0.53,139.0,0.078,9.2
0,9.2,0.65,0.0,0.615,18.0,0.065,6.5
0,10.0,0.53,0.58,0.41,101.0,0.096,11.6
0,9.5,0.51,0.54,0.39,101.0,0.095,11.1
0,9.5,0.73,0.18,0.51,28.0,0.07,7.3
0,9.0,0.47,0.38,0.34,57.0,0.08,8.2
0,9.4,0.48,0.4,0.33,68.0,0.083,8.6
0,9.6,0.72,0.18,0.5,31.0,0.071,7.2
0,9.5,0.55,0.1,0.65,40.0,0.08900000000000001,8.3
0,9.4,0.61,0.13,0.54,66.0,0.097,7.6
0,9.1,1.06,0.68,0.48,32.0,0.415,7.8
0,10.7,0.43,0.07,0.91,47.0,0.058,7.8
0,11.2,0.46,0.01,0.98,33.0,0.057,6.3
0,9.8,0.5,0.0,0.87,31.0,0.084,8.1
0,9.2,0.52,0.21,0.42,88.0,0.092,8.8
0,9.7,0.57,0.25,0.58,104.0,0.075,9.0
0,9.6,0.42,0.26,0.655,35.0,0.096,9.3
0,10.0,0.53,0.0,0.7,19.0,0.069,8.8
0,9.5,0.55,0.11,0.68,44.0,0.093,9.1
0,9.5,0.54,0.1,0.67,48.0,0.091,9.2
0,9.4,0.54,0.18,0.59,74.0,0.08900000000000001,8.8
0,9.5,0.62,0.32,0.6,98.0,0.103,7.5
0,9.7,0.53,0.02,0.59,94.0,0.08199999999999999,7.1
0,9.6,0.54,0.01,0.72,32.0,0.076,7.9
0,9.4,0.55,0.26,0.685,143.0,0.08199999999999999,9.4
0,9.4,0.55,0.27,0.57,144.0,0.08199999999999999,9.5
0,9.5,0.92,0.29,0.4,44.0,0.157,7.9
0,9.5,0.91,0.3,0.4,45.0,0.157,7.9
0,10.0,0.46,0.0,1.0,16.0,0.102,7.2
0,10.3,0.6,0.18,0.765,48.0,0.243,6.9
0,10.3,0.59,0.17,0.635,18.0,0.241,6.9
0,10.5,0.61,0.3,0.43,34.0,0.079,8.3
0,9.8,0.6,0.03,0.52,92.0,0.076,7.1
0,9.4,0.6,0.0,0.57,45.0,0.19,7.0
0,9.8,0.65,0.14,0.46,37.0,0.114,6.5
0,10.0,0.53,0.05,0.82,96.0,0.081,9.0
0,9.8,0.59,0.01,0.59,85.0,0.077,7.1
0,9.5,0.5,0.41,0.35,61.0,0.083,9.9
0,10.1,0.56,0.24,0.56,58.0,0.079,10.0
0,9.3,0.52,0.17,0.63,119.0,0.099,8.6
0,9.7,0.68,0.43,0.37,82.0,0.08199999999999999,7.4
0,9.6,0.54,0.17,0.64,130.0,0.084,8.8
0,9.7,0.6,0.02,0.61,87.0,0.081,7.1
0,10.8,0.56,0.0,0.6,13.0,0.055,7.7
0,12.5,0.53,0.54,0.27,26.0,0.065,10.1
0,10.2,1.18,0.3,0.89,60.0,0.132,10.8
0,9.6,0.74,0.31,0.46,64.0,0.126,8.7
1,10.8,0.81,0.44,0.37,42.0,0.038,9.3
0,10.7,0.52,0.34,0.5,14.0,0.08199999999999999,9.4
0,9.4,0.51,0.08,0.61,108.0,0.08199999999999999,7.2
0,10.0,0.44,0.09,0.55,17.0,0.068,8.6
1,12.9,0.94,0.0,0.585,86.0,0.044,5.1
0,9.6,0.66,0.08,0.56,46.0,0.114,7.7
0,9.9,0.57,0.22,0.52,18.0,0.084,8.4
1,12.8,0.7,0.4,0.28,10.0,0.052000000000000005,8.2
1,12.5,0.71,0.39,0.25,10.0,0.041,8.4
0,9.2,0.86,0.12,0.53,12.0,0.165,7.4
0,10.3,0.55,0.31,0.48,15.0,0.07,7.6
0,10.5,0.47,0.1,0.49,14.0,0.068,7.3
0,10.9,0.68,0.55,0.5,24.0,0.07200000000000001,12.9
0,10.8,0.71,0.33,0.45,38.0,0.099,10.8
0,11.4,0.58,0.24,0.39,7.0,0.102,6.9
0,11.3,0.76,0.54,0.41,41.0,0.103,12.6
0,10.5,0.58,0.19,0.51,30.0,0.081,9.8
0,11.9,0.73,0.42,0.29,27.0,0.084,10.8
0,9.4,0.45,0.0,0.715,47.0,0.071,7.1
0,9.6,0.54,0.15,0.66,59.0,0.097,9.1
0,9.7,0.6,0.0,0.685,22.0,0.099,7.0
1,14.0,0.74,0.0,0.42,42.0,0.048,4.9
0,9.8,0.64,0.13,0.54,36.0,0.076,6.7
0,10.3,0.53,0.28,0.48,16.0,0.068,7.1
0,10.7,0.49,0.14,0.46,37.0,0.076,7.1
1,11.0,0.64,0.34,0.27,8.0,0.05,7.5
1,12.7,0.74,0.09,0.57,45.0,0.065,7.8
0,11.1,0.77,0.08,0.61,24.0,0.071,5.9
0,10.9,0.55,0.07,0.685,9.0,0.058,7.5
0,9.9,0.86,0.42,0.44,48.0,0.145,10.4
0,9.9,0.86,0.44,0.47,51.0,0.147,11.6
0,9.4,0.47,0.26,0.685,23.0,0.08800000000000001,8.8
0,9.3,0.51,0.1,0.665,55.0,0.066,7.6
1,11.7,0.39,0.28,0.28,100.0,0.012,6.7
1,11.2,0.83,0.35,0.31,28.0,0.075,10.1
0,10.0,0.47,0.04,0.5,26.0,0.092,6.0
1,12.1,0.77,0.47,0.42,34.0,0.085,11.1
0,10.3,0.63,0.0,0.66,31.0,0.115,6.6
0,10.9,0.72,0.45,0.5,68.0,0.119,10.6
0,9.4,0.62,0.35,0.685,92.0,0.08800000000000001,7.1
0,10.6,0.83,0.46,0.25,42.0,0.062,9.9
0,9.8,0.66,0.21,0.64,31.0,0.081,6.4
0,9.9,0.7,0.16,0.68,39.0,0.078,7.4
0,9.8,0.66,0.21,0.63,32.0,0.08,6.4
0,9.5,0.55,0.44,0.43,22.0,0.085,9.3
0,9.7,1.07,0.32,0.42,122.0,0.08,8.0
0,10.9,0.73,0.39,0.36,55.0,0.08,9.3
1,11.7,0.71,0.02,0.735,14.0,0.071,7.6
1,11.3,0.78,0.34,0.26,47.0,0.073,8.2
1,10.6,0.67,0.47,0.28,32.0,0.054000000000000006,11.7
0,11.2,0.82,0.22,0.56,24.0,0.07400000000000001,6.8
0,9.5,0.54,0.06,0.62,85.0,0.077,7.2
0,11.5,0.6,0.66,1.01,88.0,0.039,5.8
0,10.4,0.44,0.32,0.42,25.0,0.067,7.5
0,9.7,0.53,0.06,0.62,84.0,0.078,7.2
0,9.7,0.54,0.07,0.635,86.0,0.077,7.2
0,11.3,0.83,0.22,0.49,24.0,0.071,6.8
0,11.2,0.84,0.23,0.51,22.0,0.07200000000000001,6.9
0,10.9,0.64,0.03,0.63,43.0,0.08,7.6
0,11.8,0.57,0.01,0.715,43.0,0.064,7.7
0,10.6,0.57,0.03,0.56,46.0,0.086,6.9
0,10.0,0.54,0.24,0.35,48.0,0.067,7.3
1,11.1,0.58,0.37,0.21,10.0,0.067,9.1
1,11.8,0.65,0.46,0.38,10.0,0.104,10.4
1,11.8,0.79,0.4,0.31,16.0,0.109,8.8
0,10.9,0.58,0.0,0.47,14.0,0.067,7.1
0,10.0,0.5,0.19,0.61,69.0,0.094,8.8
0,9.5,0.55,0.04,0.6,88.0,0.076,7.2
0,9.9,0.49,0.18,0.56,21.0,0.078,9.2
0,11.4,0.65,0.0,0.715,35.0,0.068,7.6
0,12.0,0.78,0.29,0.31,26.0,0.194,8.4
0,10.5,0.64,0.14,0.75,30.0,0.086,8.9
0,10.4,0.65,0.12,0.8,28.0,0.083,9.0
1,12.1,0.79,0.38,0.52,56.0,0.066,10.7
0,11.2,0.56,0.0,0.57,64.0,0.07200000000000001,6.8
0,9.3,0.68,0.34,0.9,99.0,0.112,10.7
0,10.1,0.58,0.24,0.34,52.0,0.071,7.2
0,9.7,0.57,0.03,0.66,86.0,0.078,7.2
0,9.3,0.65,0.23,0.45,18.0,0.08199999999999999,10.1
0,9.8,0.58,0.03,0.63,88.0,0.08,7.2
0,10.7,0.58,0.01,0.59,43.0,0.08,7.1
1,12.5,0.77,0.39,0.31,43.0,0.078,8.3
0,11.0,0.49,0.02,1.02,11.0,0.084,8.3
0,11.8,0.69,0.36,0.31,39.0,0.056,8.9
1,10.8,0.69,0.1,0.635,33.0,0.08,7.4
1,10.8,0.59,0.06,0.59,18.0,0.06,6.8
0,9.5,0.59,0.2,0.58,115.0,0.081,9.2
0,11.0,0.71,0.27,0.54,78.0,0.084,7.2
0,11.5,0.54,0.0,0.56,9.0,0.079,6.1
0,10.8,0.59,0.13,0.52,61.0,0.078,7.4
0,11.5,0.52,0.39,0.305,11.0,0.059,7.3
0,13.2,0.57,0.48,0.38,11.0,0.132,9.3
0,10.9,0.6,0.46,0.28,9.0,0.114,9.1
0,12.2,0.62,0.44,0.46,8.0,0.065,10.0
1,12.2,0.64,0.46,0.395,10.0,0.094,9.4
0,11.9,0.67,0.4,0.315,6.0,0.079,8.6
0,11.0,0.61,0.19,0.715,62.0,0.161,5.3
0,10.1,0.64,0.31,0.41,45.0,0.084,6.8
0,11.0,0.72,0.32,0.36,79.0,0.081,8.4
0,11.8,0.89,0.12,0.62,46.0,0.07200000000000001,8.4
0,10.5,0.56,0.37,0.41,23.0,0.091,9.6
0,11.2,0.8,0.27,0.47,28.0,0.055,8.6
1,11.0,0.87,0.36,0.22,77.0,0.064,8.6
0,10.2,0.9,0.33,0.24,73.0,0.061,9.4
0,9.2,0.59,0.19,0.67,75.0,0.093,8.4
1,12.0,0.73,0.38,0.33,19.0,0.063,8.7
0,10.5,0.73,0.01,0.61,25.0,0.08,6.6
0,9.8,0.65,0.01,0.61,38.0,0.07400000000000001,7.4
0,9.5,0.59,0.29,0.4,66.0,0.078,7.6
0,11.8,0.72,0.38,0.3,72.0,0.06,8.8
0,10.4,0.6,0.5,0.63,26.0,0.071,12.0
1,12.9,0.72,0.38,0.38,42.0,0.068,7.2
0,11.4,0.54,0.17,0.46,11.0,0.073,6.2
1,12.4,0.76,0.52,0.33,25.0,0.07400000000000001,9.6
1,12.5,0.52,0.49,0.27,17.0,0.08199999999999999,9.9
1,10.0,0.64,0.4,0.43,52.0,0.092,10.1
1,9.7,0.6,0.34,0.5,45.0,0.094,9.8
1,12.1,0.64,0.49,0.3,24.0,0.09,8.3
1,11.1,0.79,0.42,0.44,20.0,0.071,10.2
1,12.0,0.99,0.58,0.44,24.0,0.092,10.2
1,12.4,0.62,0.48,0.28,12.0,0.093,8.3
1,11.9,0.76,0.45,0.12,21.0,0.075,8.9
1,11.2,0.68,0.4,0.31,10.0,0.058,8.2
1,12.1,0.69,0.48,0.34,9.0,0.052000000000000005,10.2
0,12.2,0.54,0.4,0.43,11.0,0.08199999999999999,7.6
0,10.4,0.67,0.52,0.21,23.0,0.09,8.5
0,11.3,0.62,0.52,0.36,10.0,0.111,9.0
0,11.1,0.58,0.52,0.37,51.0,0.08800000000000001,9.5
1,11.3,0.71,0.12,0.57,36.0,0.12,6.4
0,10.0,0.61,0.05,0.59,32.0,0.08900000000000001,8.0
0,11.1,0.85,0.27,0.47,38.0,0.058,8.5
0,9.3,0.62,0.14,0.56,18.0,0.078,7.1
0,9.5,0.69,0.02,0.57,16.0,0.115,6.6
0,11.2,0.69,0.39,0.27,27.0,0.1,8.8
0,11.0,0.86,0.4,0.34,48.0,0.065,8.3
1,11.9,0.58,0.41,0.38,10.0,0.103,9.0
0,9.2,0.48,0.2,0.66,113.0,0.097,8.5
0,12.2,0.6,0.43,0.4,46.0,0.068,9.0
0,10.2,0.61,0.09,0.56,22.0,0.079,6.7
0,10.9,0.87,0.48,0.26,10.0,0.066,10.4
1,11.6,0.65,0.5,0.38,13.0,0.104,10.1
0,10.7,0.63,0.44,0.34,12.0,0.079,8.5
1,12.1,0.62,0.41,0.33,13.0,0.073,8.8
0,9.4,0.52,0.3,0.41,72.0,0.083,7.2
0,9.1,0.5,0.29,0.59,119.0,0.109,8.4
1,11.3,0.49,0.32,0.4,29.0,0.061,7.0
0,10.4,0.63,0.49,0.45,6.0,0.075,12.2
0,10.5,0.71,0.3,0.5,17.0,0.065,9.1
0,10.0,0.62,0.26,0.86,28.0,0.079,9.5
0,12.9,0.82,0.32,0.52,70.0,0.07,7.3
0,11.3,0.58,0.0,0.58,11.0,0.064,7.4
1,11.4,0.55,0.39,0.34,7.0,0.066,9.8
0,9.4,0.5,0.3,0.36,70.0,0.08,7.1
0,9.4,0.49,0.12,0.39,27.0,0.097,7.7
0,10.9,0.51,0.4,0.295,21.0,0.073,9.7
0,9.4,0.48,0.28,0.34,68.0,0.08199999999999999,7.1
0,9.4,0.48,0.1,0.4,47.0,0.076,6.5
0,9.4,0.43,0.45,0.35,88.0,0.092,10.0
0,10.1,0.62,0.06,0.6,41.0,0.079,7.7
1,12.8,0.63,0.0,0.66,11.0,0.087,5.6
0,9.1,0.48,0.34,0.84,10.0,0.05,8.9
0,12.9,0.53,0.0,0.69,12.0,0.055,6.4
1,11.5,0.72,0.3,0.43,12.0,0.062,7.5
1,10.6,0.82,0.38,0.35,47.0,0.058,9.9
1,11.7,0.84,0.33,0.29,27.0,0.063,9.1
1,12.8,0.55,0.32,0.36,8.0,0.067,6.8
0,10.3,0.54,0.29,0.43,45.0,0.081,8.2
1,11.7,0.84,0.34,0.3,25.0,0.064,9.1
1,12.0,0.7,0.4,0.35,24.0,0.11,8.9
0,10.9,0.68,0.36,0.5,55.0,0.116,9.6
1,12.3,0.55,0.45,0.28,12.0,0.067,8.9
0,10.4,0.55,0.31,0.32,19.0,0.08800000000000001,8.9
0,10.0,0.48,0.15,1.005,32.0,0.102,7.7
0,10.0,0.58,0.0,0.71,31.0,0.092,7.5
0,11.2,0.58,0.16,0.58,7.0,0.12,8.0
0,11.4,0.84,0.46,0.39,27.0,0.075,10.5
1,12.6,0.75,0.4,0.38,28.0,0.068,8.9
0,12.7,0.44,0.37,0.18,109.0,0.049,8.0
0,10.4,0.61,0.14,0.5,23.0,0.078,7.0
0,11.9,0.53,0.66,0.36,8.0,0.123,11.3
0,10.5,0.54,0.09,0.51,9.0,0.062,7.0
0,12.3,0.55,0.42,0.32,9.0,0.098,8.2
1,10.5,0.56,0.01,0.58,18.0,0.08800000000000001,7.7
0,10.4,0.6,0.0,0.83,43.0,0.095,8.6
0,12.6,0.56,0.32,0.31,36.0,0.066,7.9
0,11.6,0.52,0.0,0.795,52.0,0.065,6.4
0,10.1,0.54,0.21,0.34,68.0,0.075,7.2
1,11.5,0.55,0.0,0.59,14.0,0.091,7.1
1,11.0,0.58,0.01,0.55,15.0,0.093,7.3
0,9.6,0.53,0.0,0.82,14.0,0.095,8.1
0,10.4,0.59,0.08,0.57,27.0,0.08900000000000001,7.5
0,9.7,0.47,0.18,0.745,48.0,0.077,8.9
1,10.6,0.65,0.34,0.37,17.0,0.085,10.1
1,12.5,0.59,0.34,0.31,35.0,0.08199999999999999,7.6
0,9.2,0.56,0.1,0.91,56.0,0.07400000000000001,7.3
1,12.6,0.77,0.41,0.41,42.0,0.078,8.7
0,11.1,0.83,0.21,0.5,39.0,0.08800000000000001,8.9
0,10.2,0.67,0.0,0.965,32.0,0.08800000000000001,7.4
0,9.8,0.64,0.19,0.49,26.0,0.079,6.9
1,10.9,0.81,0.41,0.39,39.0,0.069,9.5
0,12.2,0.62,0.33,0.39,53.0,0.046,6.4
0,11.4,0.58,0.0,0.44,38.0,0.07,6.9
0,10.7,0.62,0.0,0.78,45.0,0.076,7.6
0,10.4,0.64,0.17,0.43,51.0,0.08199999999999999,7.1
0,10.9,0.78,0.36,0.49,14.0,0.081,9.3
0,10.8,0.77,0.36,0.5,17.0,0.084,9.3
0,9.2,1.34,0.59,0.46,45.0,0.414,8.5
0,12.9,0.55,0.05,0.605,25.0,0.073,5.6
1,12.7,0.77,0.42,0.33,20.0,0.07,8.3
0,9.1,0.62,0.27,0.64,77.0,0.095,8.2
1,12.1,0.59,0.53,0.48,10.0,0.101,8.9
0,9.1,0.57,0.25,0.42,90.0,0.104,7.6
1,11.6,0.76,0.57,0.53,52.0,0.093,9.9
0,9.9,0.7,0.57,0.23,8.0,0.07400000000000001,11.6
1,12.5,0.69,0.5,0.4,16.0,0.071,9.1
0,11.4,0.64,0.44,0.38,15.0,0.098,8.0
0,11.8,0.63,0.65,0.29,17.0,0.075,10.2
0,11.8,0.57,0.09,0.74,10.0,0.067,8.2
0,10.2,0.6,0.18,0.61,20.0,0.083,7.7
1,12.5,0.72,0.08,0.52,26.0,0.07,6.6
1,10.9,0.83,0.53,0.31,10.0,0.06,11.1
0,10.8,0.62,0.35,0.62,52.0,0.086,8.0
1,11.1,0.89,0.45,0.33,37.0,0.057,9.3
0,9.2,0.58,0.2,0.77,92.0,0.098,7.5
0,9.5,0.58,0.26,0.35,75.0,0.083,7.2
0,10.7,0.58,0.33,0.62,37.0,0.08800000000000001,8.0
1,10.2,0.86,0.34,0.25,67.0,0.071,9.1
0,11.4,0.73,0.56,0.32,8.0,0.073,9.9
0,11.0,0.58,0.65,0.37,8.0,0.08,8.6
1,12.3,0.51,0.68,0.3,278.0,0.05,7.9
0,11.8,0.51,0.56,0.27,8.0,0.047,10.3
1,12.3,0.51,0.68,0.3,289.0,0.05,7.9
0,9.5,0.59,0.3,0.38,70.0,0.073,7.2
0,12.0,0.77,0.45,0.42,59.0,0.07200000000000001,8.7
0,9.6,0.49,0.08,0.48,64.0,0.07400000000000001,6.8
1,11.6,0.66,0.4,0.34,9.0,0.055,8.5
0,11.2,0.69,0.42,0.19,30.0,0.057,7.9
1,9.9,0.76,0.54,0.41,41.0,0.095,11.6
1,11.8,0.63,0.54,0.26,74.0,0.083,10.0
0,11.4,0.6,0.42,0.34,19.0,0.086,7.9
0,11.5,0.59,0.09,0.54,16.0,0.081,7.0
1,12.0,0.86,0.36,0.31,31.0,0.079,9.2
0,10.8,0.49,0.09,0.725,17.0,0.117,6.6
0,10.5,0.5,0.47,0.4,20.0,0.087,9.4
0,9.4,0.52,0.38,0.52,18.0,0.096,8.6
1,12.5,0.81,0.45,0.31,16.0,0.21600000000000005,8.0
0,12.4,0.78,0.42,0.34,36.0,0.07200000000000001,8.4
0,12.0,0.63,0.27,0.49,25.0,0.071,7.4
0,11.2,0.54,0.09,0.48,30.0,0.078,6.1
0,12.4,0.66,0.34,0.48,25.0,0.073,8.0
0,12.8,0.6,0.28,0.57,49.0,0.048,6.3
0,12.3,0.54,0.42,0.23,17.0,0.069,8.2
1,11.7,0.85,0.41,0.3,24.0,0.068,9.1
0,9.5,0.49,0.1,0.78,13.0,0.09,8.1
0,10.8,0.76,0.43,0.47,66.0,0.171,10.8
0,10.0,0.64,0.0,0.53,14.0,0.07,8.3
1,12.3,0.64,0.27,0.42,55.0,0.092,5.4
0,11.0,0.71,0.41,0.33,35.0,0.056,7.9
0,9.5,0.59,0.39,0.24,10.0,0.07400000000000001,8.9
0,13.6,0.66,0.5,0.4,80.0,0.046,5.0
0,11.3,0.6,0.07,0.69,21.0,0.091,7.0
0,13.3,0.53,0.12,0.39,24.0,0.065,7.1
0,12.9,0.58,0.0,0.66,15.0,0.066,5.6
1,13.1,0.72,0.34,0.54,17.0,0.076,7.9
0,12.3,0.55,0.0,0.5,28.0,0.062,6.6
0,12.3,0.48,0.0,0.47,33.0,0.055,6.3
0,11.2,0.65,0.37,0.4,29.0,0.081,10.7
0,11.5,0.62,0.0,0.58,13.0,0.096,6.5
1,11.3,0.59,0.35,0.24,27.0,0.055,8.8
0,13.5,0.54,0.26,0.29,11.0,0.063,5.8
0,11.5,0.6,0.0,0.76,52.0,0.07200000000000001,6.3
0,10.0,0.68,0.33,0.43,89.0,0.095,10.0
0,10.5,0.69,0.35,0.43,70.0,0.092,10.5
0,10.4,0.63,0.0,0.6,10.0,0.058,9.1
0,9.5,0.44,0.21,0.19,135.0,0.045,5.9
1,13.6,0.88,0.34,0.36,38.0,0.075,7.4
1,11.2,0.68,0.07,0.48,18.0,0.08900000000000001,7.2
1,11.8,0.74,0.35,0.28,15.0,0.061,8.5
0,11.9,0.6,0.43,0.25,50.0,0.067,8.0
0,11.4,0.76,0.45,0.52,13.0,0.08,10.4
0,9.1,0.58,0.15,0.41,94.0,0.104,7.5
0,9.5,0.64,0.24,0.51,86.0,0.079,8.2
0,9.5,0.65,0.3,0.4,79.0,0.08,7.3
0,11.0,0.85,0.32,0.38,71.0,0.08,8.2
0,11.4,0.65,0.11,0.45,12.0,0.043,6.9
0,10.0,0.82,0.3,0.22,20.0,0.065,7.0
0,10.1,0.62,0.23,0.32,70.0,0.066,7.3
0,10.4,0.81,0.43,0.2,51.0,0.076,8.2
0,9.8,0.87,0.12,0.5,21.0,0.17800000000000002,7.8
1,11.8,0.49,0.45,0.41,14.0,0.071,10.0
0,11.6,0.66,0.42,0.39,21.0,0.086,7.8
0,12.0,0.52,0.47,0.35,11.0,0.061,10.0
1,12.8,0.76,0.32,0.33,12.0,0.067,8.2
0,12.5,0.65,0.23,0.58,70.0,0.044,6.1
0,9.8,0.53,0.25,0.6,38.0,0.118,8.3
0,11.1,0.66,0.35,0.42,38.0,0.083,9.6
0,11.4,0.68,0.0,0.58,63.0,0.1,6.6
1,11.8,0.76,0.51,0.18,88.0,0.071,8.5
1,12.9,0.87,0.18,0.51,101.0,0.042,5.1
0,10.6,1.16,0.43,0.41,54.0,0.076,6.7
0,10.8,0.67,0.43,0.41,37.0,0.11,10.2
1,11.1,0.72,0.57,0.36,20.0,0.087,10.6
0,10.2,0.75,0.43,0.45,21.0,0.076,8.8
1,11.8,0.71,0.42,0.32,19.0,0.075,8.5
0,10.0,0.67,0.24,0.785,21.0,0.078,9.0
0,9.4,1.1,0.5,0.44,38.0,0.369,8.5
0,10.2,0.98,0.26,0.54,60.0,0.111,9.9
1,12.4,0.88,0.39,0.33,48.0,0.07400000000000001,8.2
0,12.0,0.56,0.27,0.34,44.0,0.067,6.5
0,11.5,0.62,0.29,0.5,14.0,0.086,7.6
0,10.5,0.67,0.34,0.36,12.0,0.062,9.2
0,10.8,0.68,0.0,0.59,44.0,0.078,7.1
0,12.3,0.74,0.46,0.42,16.0,0.07400000000000001,9.7
0,9.5,0.62,0.31,0.36,65.0,0.079,7.6
0,11.5,0.7,0.0,0.61,59.0,0.095,6.5
0,11.2,0.5,0.03,0.88,47.0,0.079,6.5
1,12.7,0.66,0.0,0.66,11.0,0.052000000000000005,7.1
0,11.4,0.73,0.0,0.915,78.0,0.041,5.6
0,11.0,0.81,0.33,0.35,47.0,0.076,8.2
0,11.4,0.46,0.43,0.39,11.0,0.068,9.8
0,10.5,0.86,0.4,0.4,54.0,0.068,10.2
0,9.3,0.6,0.07,0.66,61.0,0.07,6.8
0,10.9,0.7,0.23,0.64,119.0,0.08,6.7
0,11.9,0.46,0.3,0.43,39.0,0.085,7.0
0,12.2,0.5,0.03,0.8,12.0,0.079,6.6
0,9.6,0.44,0.05,0.955,19.0,0.075,8.8
0,12.5,0.57,0.57,0.4,20.0,0.08,9.1
0,10.8,0.51,0.0,0.885,12.0,0.166,6.5
1,12.4,0.8,0.37,0.25,41.0,0.063,7.2
0,10.8,0.51,0.0,0.885,12.0,0.166,6.4
0,9.5,0.59,0.12,0.745,64.0,0.114,7.0
0,9.5,0.6,0.22,0.43,56.0,0.078,6.2
0,9.5,0.58,0.23,0.58,94.0,0.076,7.9
0,9.8,0.54,0.21,0.57,9.0,0.069,7.7
0,10.9,0.79,0.26,0.26,77.0,0.052000000000000005,7.7
1,11.2,0.54,0.36,0.34,10.0,0.065,7.9
1,11.7,0.69,0.39,0.42,12.0,0.068,8.6
0,9.4,0.55,0.19,0.74,76.0,0.111,9.9
1,11.0,0.85,0.46,0.36,44.0,0.07400000000000001,7.2
0,10.0,0.94,0.55,0.72,52.0,0.136,9.9
1,11.2,0.87,0.43,0.39,24.0,0.071,6.2
0,10.4,0.62,0.02,0.65,15.0,0.078,6.8
0,9.3,0.62,0.15,0.44,53.0,0.076,6.6
0,10.5,0.75,0.42,0.38,13.0,0.071,9.6
0,10.4,0.48,0.46,0.33,9.0,0.081,10.2
0,11.3,0.56,0.46,0.27,29.0,0.095,8.8
0,9.5,0.69,0.31,0.57,79.0,0.079,7.9
0,12.0,0.81,0.37,0.34,74.0,0.057,8.2
0,10.6,0.69,0.31,0.4,24.0,0.08199999999999999,8.2
0,10.9,0.83,0.4,0.39,50.0,0.044,9.0
0,11.5,0.77,0.52,0.32,44.0,0.132,10.9
0,9.6,0.46,0.22,0.53,89.0,0.078,8.1
0,12.0,0.76,0.47,0.36,23.0,0.07400000000000001,10.5
0,10.3,0.82,0.49,0.39,20.0,0.08,12.6
0,9.4,0.51,0.23,0.46,77.0,0.091,9.2
0,9.2,0.47,0.03,0.58,46.0,0.08,7.5
0,9.6,0.72,0.25,0.58,21.0,0.104,9.0
1,13.6,0.73,0.0,0.42,88.0,0.044,5.1
0,9.5,0.64,0.29,0.43,66.0,0.075,7.6
0,11.8,0.78,0.34,0.18,58.0,0.066,7.7
0,10.8,0.62,0.01,0.815,90.0,0.07400000000000001,7.8
0,9.3,0.49,0.37,0.23,36.0,0.057,10.2
0,12.8,0.4,0.01,0.75,18.0,0.059,7.1
0,11.5,0.56,0.32,0.33,113.0,0.054000000000000006,6.0
0,9.4,0.64,0.0,0.55,17.0,0.07,7.8
0,9.6,0.46,0.0,0.73,24.0,0.081,8.1
0,11.8,0.56,0.0,0.67,20.0,0.057,6.5
0,9.3,0.4,0.2,0.61,60.0,0.076,7.5
0,9.8,0.59,0.39,0.37,65.0,0.079,9.8
0,12.2,0.6,0.41,0.4,40.0,0.058,9.0
0,9.5,0.62,0.22,0.56,86.0,0.08199999999999999,8.3
0,10.3,0.54,0.25,0.29,160.0,0.067,5.9
0,10.5,0.68,0.19,0.55,34.0,0.08199999999999999,7.4
0,10.0,0.48,0.07,0.74,48.0,0.086,7.4
0,11.1,0.75,0.33,0.41,36.0,0.081,6.9
0,10.9,0.61,0.01,0.6,37.0,0.079,7.1
0,9.8,0.59,0.14,0.58,60.0,0.077,7.5
0,9.8,0.58,0.0,0.72,14.0,0.123,7.1
0,9.5,0.58,0.0,0.66,13.0,0.096,7.9
0,10.9,0.69,0.06,0.7,35.0,0.079,7.8
0,11.0,0.45,0.02,0.64,46.0,0.069,6.1
0,9.2,0.42,0.22,0.59,60.0,0.08199999999999999,7.5
0,11.0,0.7,0.28,0.58,69.0,0.085,7.0
0,11.3,0.63,0.0,0.64,33.0,0.123,6.8
0,9.3,1.15,0.68,0.635,56.0,0.403,8.6
0,11.2,0.55,0.0,1.02,24.0,0.083,6.3
0,9.8,0.58,0.38,0.45,66.0,0.081,9.8
0,9.6,0.46,0.0,0.78,26.0,0.08900000000000001,8.2
0,11.8,0.72,0.32,0.37,51.0,0.066,8.5
0,10.3,0.6,0.05,0.57,36.0,0.081,7.2
0,11.4,0.87,0.5,0.43,19.0,0.068,10.4
0,9.5,0.55,0.31,0.41,51.0,0.079,6.9
1,14.0,0.82,0.03,0.49,87.0,0.044,5.5
0,14.0,0.75,0.01,0.38,60.0,0.048,5.0
0,11.7,0.57,0.2,0.44,64.0,0.049,7.3
0,11.2,0.53,0.0,0.46,44.0,0.077,5.9
0,9.3,0.43,0.2,0.58,44.0,0.073,7.5
0,11.2,0.53,0.13,0.58,36.0,0.102,7.8
0,9.5,0.54,0.22,0.715,81.0,0.075,8.0
0,12.0,0.56,0.4,0.4,10.0,0.05,8.5
0,9.7,0.6,0.0,0.69,10.0,0.114,7.0
1,11.5,0.57,0.39,0.3,9.0,0.062,9.8
0,10.4,0.64,0.2,0.46,54.0,0.077,7.1
0,10.9,0.68,0.0,0.765,22.0,0.084,7.9
0,10.2,0.63,0.28,0.63,69.0,0.096,8.7
0,10.9,0.56,0.19,0.42,36.0,0.071,7.0
0,10.5,0.57,0.5,0.37,47.0,0.09,11.3
0,12.4,0.54,0.44,0.16,31.0,0.068,7.1
0,13.0,0.37,0.08,0.6,7.0,0.056,8.0
0,10.2,1.17,0.3,0.6,110.0,0.068,7.0
0,11.0,0.59,0.0,0.74,12.0,0.1,7.6
0,10.9,0.75,0.1,0.635,60.0,0.073,8.2
0,12.4,0.67,0.13,0.395,28.0,0.056,5.9
0,9.7,0.49,0.0,0.755,12.0,0.084,7.5
0,9.5,0.45,0.0,0.63,77.5,0.093,6.6
0,12.1,0.61,0.14,0.53,29.0,0.064,7.2
0,12.2,0.56,0.0,0.6,18.0,0.063,5.7
0,10.9,0.4,0.0,1.58,9.0,0.13699999999999998,7.6
0,12.5,0.61,0.0,0.645,28.0,0.08,5.2
0,11.7,0.74,0.07,0.86,57.0,0.1,6.7
0,11.2,0.8,0.32,0.37,15.0,0.064,9.1
0,11.2,0.66,0.44,0.28,68.0,0.081,8.0
0,9.2,0.44,0.21,0.79,68.0,0.087,7.6
0,9.8,0.53,0.26,0.61,88.0,0.073,7.5
0,10.1,0.62,0.32,0.69,91.0,0.08800000000000001,9.7
0,11.1,0.52,0.09,0.68,29.0,0.068,6.8
0,9.2,0.61,0.1,0.62,63.0,0.071,7.0
0,12.8,0.59,0.15,0.51,27.0,0.064,6.5
0,10.5,0.47,0.21,1.18,41.0,0.083,8.0
0,10.1,0.54,0.21,0.36,65.0,0.086,7.0
0,10.1,0.53,0.21,0.36,69.0,0.086,7.0
0,9.8,0.58,0.27,0.63,91.0,0.083,7.5
0,12.5,0.59,0.0,0.74,46.0,0.041,5.4
0,11.9,0.69,0.46,0.44,41.0,0.091,9.9
0,9.1,1.33,0.68,0.76,64.0,0.414,9.1
0,10.1,0.66,0.34,0.66,88.0,0.094,9.7
0,12.5,0.59,0.0,0.74,46.0,0.041,5.0
0,11.4,0.55,0.42,0.34,18.0,0.058,9.1
1,11.0,0.82,0.39,0.36,55.0,0.06,9.1
0,10.6,0.6,0.24,0.46,34.0,0.077,6.7
0,9.3,0.52,0.11,0.52,38.0,0.073,6.5
0,9.8,0.56,0.26,0.6,91.0,0.083,7.4
0,9.2,0.46,0.26,0.87,67.0,0.107,7.8
0,9.7,0.43,0.1,0.39,25.0,0.075,8.4
0,9.6,0.51,0.22,0.775,48.0,0.079,9.1
0,10.0,0.52,0.0,0.835,11.0,0.166,7.2
0,12.6,0.66,0.02,0.58,40.0,0.069,6.6
0,9.5,0.45,0.0,0.5,26.0,0.057,6.0
0,10.5,0.54,0.02,0.51,31.0,0.084,7.5
0,10.4,0.51,0.02,0.54,31.0,0.085,7.6
0,11.0,0.53,0.48,0.42,20.0,0.077,11.5
0,10.2,0.53,0.24,0.44,28.0,0.063,8.2
0,11.4,0.56,0.01,0.59,13.0,0.056,6.1
0,9.5,0.39,0.03,0.655,12.0,0.078,7.2
0,10.8,0.52,0.0,0.57,41.0,0.081,6.9
0,10.0,0.57,0.29,0.6,73.0,0.069,9.0
0,11.8,0.51,0.01,0.62,46.0,0.065,7.2
0,10.3,0.46,0.03,0.645,57.0,0.086,7.6
0,10.0,0.52,0.03,0.58,28.0,0.077,7.2
0,10.1,0.44,0.25,0.32,32.0,0.086,6.1
0,10.1,0.44,0.25,0.34,28.0,0.084,6.1
0,11.1,0.59,0.24,0.43,67.0,0.078,7.3
0,9.5,0.5,0.17,0.64,98.0,0.168,7.4
0,10.0333333333333,0.65,0.4,0.475,28.0,0.091,11.6
0,10.9,0.56,0.31,0.54,38.0,0.112,9.2
0,10.1,0.54,0.14,0.85,54.0,0.093,8.3
0,9.8,0.48,0.27,0.83,63.0,0.08,8.0
0,11.8,0.53,0.02,0.605,31.0,0.096,7.2
0,9.5,0.62,0.09,0.5,42.0,0.115,7.8
0,9.8,0.5,0.08,0.74,45.0,0.094,7.3
0,10.5,1.18,0.3,0.54,105.0,0.08800000000000001,6.9
0,9.8,0.5,0.32,0.77,74.0,0.079,8.0
0,10.4,0.37,0.0,0.61,8.0,0.069,6.6
0,9.2,1.17,0.51,0.78,66.0,0.415,8.7
0,11.6,1.03,0.56,0.58,14.0,0.153,7.5
0,9.3,0.45,0.27,0.75,89.0,0.11,7.7
0,9.8,0.51,0.0,0.815,29.0,0.267,6.8
0,9.9,0.52,0.26,0.56,100.0,0.083,7.2
0,10.0,0.46,0.2,0.885,31.0,0.086,8.2
0,12.2,0.62,0.26,0.49,74.0,0.09,5.2
0,9.9,0.51,0.15,0.45,28.0,0.078,7.2
0,10.8,0.62,0.02,0.57,35.0,0.077,7.5
0,9.6,0.45,0.09,0.83,25.0,0.07400000000000001,6.8
0,9.9,0.49,0.22,0.6,105.0,0.08,8.0
0,9.5,0.5,0.15,0.755,84.0,0.107,7.1
0,9.2,0.42,0.25,0.81,85.0,0.076,8.0
0,9.6,0.58,0.07,0.64,23.0,0.1,7.4
0,10.3,0.68,0.31,0.64,49.0,0.083,6.6
0,9.7,0.53,0.02,0.48,111.0,0.08,6.7
0,12.5,0.59,0.0,0.49,33.0,0.068,6.0
0,11.0,0.58,0.22,0.64,33.0,0.094,8.0
0,9.8,0.48,0.06,0.62,12.0,0.07,7.1
0,10.2,0.48,0.25,0.52,59.0,0.078,8.0
0,9.2,0.48,0.14,0.57,73.0,0.07,6.4
0,9.55,0.65,0.1,0.685,12.0,0.092,8.6
0,9.55,0.65,0.1,0.675,11.0,0.09,8.7
0,9.9,0.52,0.26,0.59,104.0,0.08,7.3
1,10.2,0.62,0.12,0.6,28.0,0.083,7.0
0,11.1,0.72,0.0,0.67,24.0,0.068,7.2
0,9.9,0.51,0.21,0.69,141.0,0.08,7.9
0,11.9,0.82,0.42,0.3,24.0,0.052000000000000005,7.6
1,10.0,1.1,0.33,0.33,13.0,0.061,7.2
0,10.7,0.62,0.39,0.5,46.0,0.08199999999999999,8.0
1,11.3,0.9,0.3,0.28,34.0,0.062,7.7
0,10.9,0.94,0.34,0.24,22.0,0.062,8.2
0,10.7,0.93,0.0,0.51,54.0,0.064,6.0
1,12.4,1.01,0.36,0.29,53.0,0.048,8.1
0,11.9,0.44,0.0,0.96,16.0,0.08199999999999999,6.6
0,10.6,0.73,0.4,0.47,19.0,0.071,6.4
0,10.1,0.9,0.25,0.57,89.0,0.104,9.9
0,9.6,0.78,0.59,0.32,15.0,0.077,10.0
0,9.4,0.84,0.0,0.58,18.0,0.065,6.2
1,12.1,0.77,0.33,0.34,37.0,0.064,7.3
0,9.8,0.46,0.01,0.53,19.0,0.077,7.8
0,9.9,0.45,0.21,0.64,133.0,0.077,7.7
0,9.4,0.58,0.18,0.4,58.0,0.079,7.5
0,11.4,0.84,0.0,0.54,55.0,0.079,7.0
0,11.0,0.67,0.09,0.53,31.0,0.123,6.4
0,9.6,0.7,0.37,0.26,23.0,0.076,8.3
0,12.1,0.71,0.37,0.23,60.0,0.046,7.7
0,11.2,0.58,0.33,0.41,23.0,0.078,7.6
0,11.0,0.63,0.0,0.64,55.0,0.07200000000000001,7.8
0,11.3,0.93,0.4,0.18,67.0,0.049,7.9
0,10.4,0.62,0.24,0.41,47.0,0.066,7.4
0,9.9,0.54,0.31,0.43,74.0,0.069,7.6
0,11.7,0.85,0.0,0.44,11.0,0.042,5.9
1,10.1,0.74,0.16,0.4,25.0,0.069,6.1
0,9.0,0.77,0.37,0.54,95.0,0.214,10.2
0,8.5,0.65,0.38,0.38,90.0,0.16899999999999998,10.0
0,11.1,0.54,0.29,0.915,39.0,0.07,6.8
0,10.3,0.47,0.0,0.59,8.0,0.052000000000000005,7.0
0,11.066666666666698,0.68,0.02,0.67,92.0,0.07200000000000001,7.3
1,11.3,0.73,0.32,0.37,28.0,0.062,7.2
0,9.56666666666667,0.52,0.19,0.785,98.0,0.094,7.4
0,9.8,0.75,0.02,0.63,30.0,0.078,6.9
0,11.7,0.49,0.2,0.58,22.0,0.058,6.9
0,11.1,0.68,0.02,0.67,92.0,0.07200000000000001,7.3
0,9.6,0.52,0.19,0.785,98.0,0.094,7.4
0,9.7,0.74,0.0,0.67,39.0,0.08,6.8
0,9.7,0.73,0.01,0.58,54.0,0.08,6.9
1,11.3,0.76,0.31,0.38,29.0,0.056,7.2
1,11.0,0.78,0.44,0.32,17.0,0.104,7.8
1,11.6,0.76,0.02,0.58,53.0,0.062,6.6
0,9.0,0.58,0.33,0.49,85.0,0.07400000000000001,7.6
0,10.9,0.69,0.63,0.45,23.0,0.073,11.7
0,10.9,0.63,0.0,0.9,17.0,0.052000000000000005,6.5
0,10.55,0.5,0.06,0.54,89.0,0.05,6.0
0,10.5,0.6,0.4,0.29,20.0,0.067,8.4
1,11.9,0.8,0.35,0.2,15.0,0.054000000000000006,7.9
0,10.4,0.68,0.09,0.42,64.0,0.054000000000000006,6.4
0,10.0,0.61,0.0,0.785,13.0,0.06,6.2
0,10.4,0.58,0.03,0.64,31.0,0.075,6.8
0,10.8,0.53,0.01,0.63,39.0,0.076,6.9
0,9.7,0.67,0.1,0.59,53.0,0.063,6.8
1,10.0,0.65,0.32,0.48,54.0,0.062,7.3
0,11.0,0.57,0.08,1.04,32.0,0.067,6.7
0,9.7,0.55,0.05,0.98,49.0,0.061,7.3
0,9.7,0.47,0.11,0.69,24.0,0.084,10.0
0,12.6,0.52,0.08,0.7,16.0,0.067,6.7
0,11.1,0.79,0.6,0.35,44.0,0.073,7.6
0,11.0,0.54,0.08,0.6,45.0,0.071,6.1
0,8.8,0.75,0.5,0.5,82.0,0.205,9.9
1,13.566666666666698,0.88,0.11,0.47,89.0,0.048,5.3
1,13.6,0.88,0.11,0.47,89.0,0.048,5.3
0,10.2,0.52,0.05,0.875,14.0,0.08199999999999999,7.1
0,10.6,0.68,0.6,0.28,22.0,0.104,8.2
0,10.1,0.62,0.03,0.62,13.0,0.08,5.6
0,10.3,0.57,0.54,0.58,9.0,0.114,7.2
0,10.7,0.61,0.44,0.33,12.0,0.042,8.1
0,10.9,0.64,0.06,0.91,11.0,0.06,6.8
0,9.7,0.55,0.16,0.655,25.0,0.07400000000000001,7.0
0,10.3,0.6,0.21,0.68,23.0,0.07,6.8
0,10.6,0.78,0.05,0.64,17.0,0.066,6.0
0,11.4,0.58,0.04,0.54,13.0,0.049,5.6
0,10.8,0.76,0.1,0.57,11.0,0.048,6.2
0,12.4,0.56,0.49,0.22,18.0,0.039,7.1
0,11.95,0.54,0.06,0.65,18.0,0.05,6.2
0,9.7,0.59,0.26,0.54,147.0,0.08900000000000001,7.7
1,10.0,0.7,0.09,0.31,28.0,0.066,6.4
0,10.6,0.81,0.02,0.43,28.0,0.08,7.0
0,11.5,0.63,0.03,0.74,16.0,0.054000000000000006,6.9
0,10.8,0.58,0.04,0.895,13.0,0.068,6.6
0,9.6,0.53,0.04,0.725,15.0,0.076,7.5
0,9.4,0.53,0.29,0.82,64.0,0.083,7.8
0,9.8,0.54,0.18,0.585,60.0,0.078,7.3
0,11.0,0.69,0.39,0.44,14.0,0.077,6.2
0,11.4,0.55,0.57,0.38,12.0,0.106,7.5
0,9.95,0.63,0.02,0.76,12.0,0.078,6.7
0,10.8,0.66,0.05,0.81,14.0,0.07,6.8
0,10.6,0.72,0.6,0.27,25.0,0.07400000000000001,7.1
0,11.1,0.7,0.4,0.18,20.0,0.062,7.9
0,9.7,0.77,0.21,0.36,48.0,0.047,6.4
0,9.8,0.67,0.04,0.69,27.0,0.068,7.1
0,10.4,0.65,0.04,0.79,17.0,0.061,6.4
0,10.5,0.6,0.15,0.56,65.0,0.078,6.4
0,9.23333333333333,0.72,0.21,0.84,65.0,0.07400000000000001,6.9
0,9.25,0.72,0.21,0.84,65.0,0.07400000000000001,6.9
0,10.6,0.97,0.25,0.32,58.0,0.071,6.1
0,10.3,0.83,0.06,0.53,44.0,0.063,6.5
0,10.5,0.63,0.46,0.47,20.0,0.114,7.4
0,10.2,0.58,0.08,0.7,27.0,0.106,6.6
0,9.05,0.43,0.2,0.48,23.0,0.08199999999999999,6.9
0,10.4,0.6,0.25,0.48,61.0,0.076,6.8
0,10.0,0.78,0.19,0.42,47.0,0.075,6.0
0,9.7,0.64,0.08,0.48,34.0,0.064,6.7
0,9.6,0.65,0.08,0.47,38.0,0.064,6.8
0,10.8,0.66,0.07,0.53,24.0,0.071,7.1
0,10.1,0.67,0.49,0.29,59.0,0.096,7.9
0,10.2,0.6,0.08,0.69,52.0,0.063,7.1
0,11.3,0.69,0.09,0.44,18.0,0.063,6.6
0,10.2,0.66,0.1,0.705,28.0,0.081,6.1
0,9.9,0.68,0.13,0.53,22.0,0.058,7.2
0,9.0,0.61,0.3,0.39,84.0,0.07400000000000001,8.0
1,11.7,0.62,0.14,0.56,29.0,0.064,6.6
0,9.7,0.59,0.13,0.55,35.0,0.075,7.0
0,10.3,0.68,0.08,0.53,45.0,0.077,6.1
0,10.2,0.64,0.08,0.58,31.0,0.059,5.4
0,12.0,0.63,0.09,0.64,26.0,0.081,6.2
0,9.9,0.78,0.32,0.39,60.0,0.065,7.2
0,11.6,0.63,0.08,0.52,32.0,0.071,6.2
1,10.9,0.76,0.29,0.25,49.0,0.054000000000000006,7.4
0,10.75,0.56,0.02,0.855,38.0,0.064,6.7
0,10.4,0.57,0.42,0.44,19.0,0.064,11.1
1,11.2,0.81,0.43,0.37,19.0,0.063,8.4
0,10.1,0.64,0.33,0.63,28.0,0.059,6.5
0,10.2,0.61,0.02,0.57,26.0,0.07200000000000001,7.0
0,12.1,0.51,0.1,0.6,26.0,0.048,6.3
0,10.4,0.58,0.5,0.4,50.0,0.099,11.2
1,11.4,0.7,0.3,0.36,24.0,0.07400000000000001,7.4
0,9.5,0.53,0.0,0.68,26.0,0.087,7.1
0,9.4,0.54,0.0,0.67,27.0,0.083,7.1
0,11.3,0.66,0.01,0.68,54.0,0.103,6.3
0,9.4,0.6,0.0,0.735,28.0,0.08,7.3
0,11.0,0.6,0.02,0.855,23.0,0.062,6.6
1,10.55,0.68,0.17,0.56,24.0,0.065,7.0
0,9.9,0.56,0.04,0.88,20.0,0.066,6.6
0,9.5,0.56,0.33,0.63,115.0,0.235,6.9
0,9.9,0.52,0.26,0.6,131.0,0.08,7.8
0,10.1,0.54,0.13,0.695,20.0,0.076,7.2
0,10.9,0.82,0.02,0.67,42.0,0.061,6.7
0,11.2,0.71,0.64,0.16,52.0,0.059,6.7
0,9.2,0.59,0.13,0.56,42.0,0.077,7.0
0,11.5,0.57,0.14,0.51,34.0,0.056,6.2
0,12.4,0.93,0.53,0.36,35.0,0.23,6.4
0,11.1,0.65,0.14,0.38,25.0,0.038,6.4
0,9.5,0.51,0.32,0.69,104.0,0.069,7.3
0,12.5,0.67,0.2,0.58,50.0,0.075,6.0
0,10.5,0.48,0.78,0.31,92.0,0.07400000000000001,5.6
0,11.8,0.64,0.4,0.52,20.0,0.06,7.5
0,10.8,0.78,0.63,0.3,29.0,0.081,8.0
0,11.9,0.6,0.15,0.7,27.0,0.076,6.2
0,11.3,0.67,0.15,0.67,20.0,0.118,6.8
0,11.3,0.6,0.09,0.56,32.0,0.053,6.2
0,11.9,0.6,0.33,0.35,26.0,0.068,7.4
0,11.9,0.5,0.1,0.715,27.0,0.053,6.1
0,9.8,0.62,0.29,0.46,98.0,0.07400000000000001,6.2
1,11.6,0.8,0.44,0.32,34.0,0.061,6.7
0,11.5,0.84,0.44,0.39,48.0,0.066,7.2
0,11.4,0.85,0.41,0.31,60.0,0.065,7.5
0,10.9,0.66,0.11,0.61,28.0,0.066,5.8
0,12.8,0.78,0.33,0.66,102.0,0.068,7.2
0,9.2,0.54,0.2,0.725,79.0,0.073,6.6
0,11.6,0.82,0.15,0.55,35.0,0.077,6.3
0,11.6,0.56,0.09,0.74,26.0,0.08900000000000001,5.4
0,11.0,0.75,0.13,0.51,40.0,0.076,6.3
0,9.5,0.82,0.08,0.62,38.0,0.068,6.8
0,10.5,0.58,0.08,0.6,44.0,0.09,6.2
0,11.2,0.76,0.1,0.55,51.0,0.062,5.9
0,10.2,0.71,0.12,0.645,44.0,0.075,5.9
0,11.0,0.66,0.47,0.31,42.0,0.067,6.0
